name,unit,npm,npm_detail,dev,com,io,sh,app,github,score,lane_url
cooperage,Stave,FREE,,free,taken,unknown,unknown,free,UNKNOWN,6,https://www.google.com/search?q=cooperage+developer+platform+cli
distaff,Fiber,FREE,,free,taken,unknown,unknown,free,UNKNOWN,6,https://www.google.com/search?q=distaff+developer+platform+cli
druse,Facet,FREE,,free,taken,unknown,unknown,free,UNKNOWN,6,https://www.google.com/search?q=druse+developer+platform+cli
icefall,Shard,FREE,,free,taken,unknown,unknown,taken,UNKNOWN,5,https://www.google.com/search?q=icefall+developer+platform+cli
klyon,Quark,FREE,,free,taken,unknown,unknown,taken,UNKNOWN,5,https://www.google.com/search?q=klyon+developer+platform+cli
maron,Meson,FREE,,free,taken,unknown,unknown,taken,UNKNOWN,5,https://www.google.com/search?q=maron+developer+platform+cli
marquetry,Veneer,FREE,,free,taken,unknown,unknown,taken,UNKNOWN,5,https://www.google.com/search?q=marquetry+developer+platform+cli
annals,Record,FREE,,taken,taken,unknown,unknown,free,UNKNOWN,4,https://www.google.com/search?q=annals+developer+platform+cli
archive,Folio,DEAD-SQUAT,"v0.0.2, 4.0y idle",free,taken,unknown,unknown,taken,UNKNOWN,3,https://www.google.com/search?q=archive+developer+platform+cli
clave,Key,FREE,,taken,taken,unknown,unknown,taken,UNKNOWN,3,https://www.google.com/search?q=clave+developer+platform+cli
coop,Hen,DEAD-SQUAT,"v0.4.0, 4.0y idle",free,taken,unknown,unknown,taken,UNKNOWN,3,https://www.google.com/search?q=coop+developer+platform+cli
escapement,Cog,FREE,,taken,taken,unknown,unknown,taken,UNKNOWN,3,https://www.google.com/search?q=escapement+developer+platform+cli
flask,Vial,DEAD-SQUAT,"v0.2.10, 4.0y idle",free,taken,unknown,unknown,taken,UNKNOWN,3,https://www.google.com/search?q=flask+developer+platform+cli
furrow,Sprout,FREE,,taken,taken,unknown,unknown,taken,UNKNOWN,3,https://www.google.com/search?q=furrow+developer+platform+cli
klyn,Clip,FREE,,taken,taken,unknown,unknown,taken,UNKNOWN,3,https://www.google.com/search?q=klyn+developer+platform+cli
klyp,Clip,FREE,,taken,taken,unknown,unknown,taken,UNKNOWN,3,https://www.google.com/search?q=klyp+developer+platform+cli
letterpress,Slug,FREE,,taken,taken,unknown,unknown,taken,UNKNOWN,3,https://www.google.com/search?q=letterpress+developer+platform+cli
loomwork,Thread,FREE,,taken,taken,unknown,unknown,taken,UNKNOWN,3,https://www.google.com/search?q=loomwork+developer+platform+cli
nib,Dot,TAKEN-LIVE,"v1.2.0, upd 2022-06-21",free,taken,unknown,unknown,free,UNKNOWN,3,https://www.google.com/search?q=nib+developer+platform+cli
pleach,Sprig,FREE,,taken,taken,unknown,unknown,taken,UNKNOWN,3,https://www.google.com/search?q=pleach+developer+platform+cli
plet,Snip,FREE,,taken,taken,unknown,unknown,taken,UNKNOWN,3,https://www.google.com/search?q=plet+developer+platform+cli
quon,Quark,FREE,,taken,taken,unknown,unknown,taken,UNKNOWN,3,https://www.google.com/search?q=quon+developer+platform+cli
registry,Entry,TAKEN-LIVE,"v0.3.0, upd 2026-03-06",free,taken,unknown,unknown,free,UNKNOWN,3,https://www.google.com/search?q=registry+developer+platform+cli
souk,Stall,FREE,,taken,taken,unknown,unknown,taken,UNKNOWN,3,https://www.google.com/search?q=souk+developer+platform+cli
thunderhead,Bolt,FREE,,taken,taken,unknown,unknown,taken,UNKNOWN,3,https://www.google.com/search?q=thunderhead+developer+platform+cli
vat,Mash,DEAD-SQUAT,"v0.1.0, 4.0y idle",free,taken,unknown,unknown,taken,UNKNOWN,3,https://www.google.com/search?q=vat+developer+platform+cli
vyre,Wisp,FREE,,taken,taken,unknown,unknown,taken,UNKNOWN,3,https://www.google.com/search?q=vyre+developer+platform+cli
bus,Packet,DEAD-SQUAT,"v0.1.0, 4.0y idle",taken,taken,unknown,unknown,free,UNKNOWN,2,https://www.google.com/search?q=bus+developer+platform+cli
cuvee,Pour,TAKEN-LIVE,"v1.2.16, upd 2023-06-26",free,taken,unknown,unknown,taken,UNKNOWN,2,https://www.google.com/search?q=cuvee+developer+platform+cli
dart,Pip,DEAD-SQUAT,"v0.49.0, 4.0y idle",taken,taken,unknown,unknown,free,UNKNOWN,2,https://www.google.com/search?q=dart+developer+platform+cli
mart,Booth,TAKEN-LIVE,"v1.0.0-readme.0, upd 2026-03-03",free,taken,unknown,unknown,taken,UNKNOWN,2,https://www.google.com/search?q=mart+developer+platform+cli
nest,Egg,DEAD-SQUAT,"v0.1.6, 4.0y idle",taken,taken,unknown,unknown,free,UNKNOWN,2,https://www.google.com/search?q=nest+developer+platform+cli
plate,Cut,TAKEN-LIVE,"v1.4.4, upd 2022-06-24",free,taken,unknown,unknown,taken,UNKNOWN,2,https://www.google.com/search?q=plate+developer+platform+cli
plon,Pip,TAKEN-LIVE,"v2.0.1, upd 2022-06-24",free,taken,unknown,unknown,taken,UNKNOWN,2,https://www.google.com/search?q=plon+developer+platform+cli
rick,Hay,DEAD-SQUAT,"v0.2.1, 4.0y idle",taken,taken,unknown,unknown,free,UNKNOWN,2,https://www.google.com/search?q=rick+developer+platform+cli
staff,Note,TAKEN-LIVE,"v1.0.2, upd 2022-06-26",free,taken,unknown,unknown,taken,UNKNOWN,2,https://www.google.com/search?q=staff+developer+platform+cli
alembic,Distillate,DEAD-SQUAT,"v0.0.3, 4.0y idle",taken,taken,unknown,unknown,taken,UNKNOWN,1,https://www.google.com/search?q=alembic+developer+platform+cli
almanac,Entry,DEAD-SQUAT,unpublished/empty,taken,taken,unknown,unknown,taken,UNKNOWN,1,https://www.google.com/search?q=almanac+developer+platform+cli
anvil,Billet,DEAD-SQUAT,"v0.0.6, 4.2y idle",taken,taken,unknown,unknown,taken,UNKNOWN,1,https://www.google.com/search?q=anvil+developer+platform+cli
apex,Probe,DEAD-SQUAT,"v0.1.2, 4.0y idle",taken,taken,unknown,unknown,taken,UNKNOWN,1,https://www.google.com/search?q=apex+developer+platform+cli
apiary,Comb,DEAD-SQUAT,"v0.0.2, 4.0y idle",taken,taken,unknown,unknown,taken,UNKNOWN,1,https://www.google.com/search?q=apiary+developer+platform+cli
arbor,Tendril,DEAD-SQUAT,"v0.8.2, 4.0y idle",taken,taken,unknown,unknown,taken,UNKNOWN,1,https://www.google.com/search?q=arbor+developer+platform+cli
array,Cell,DEAD-SQUAT,"v0.4.3, 4.0y idle",taken,taken,unknown,unknown,taken,UNKNOWN,1,https://www.google.com/search?q=array+developer+platform+cli
atoll,Coral,DEAD-SQUAT,"v0.7.4, 4.0y idle",taken,taken,unknown,unknown,taken,UNKNOWN,1,https://www.google.com/search?q=atoll+developer+platform+cli
atrium,Tile,DEAD-SQUAT,"v0.0.0, 4.0y idle",taken,taken,unknown,unknown,taken,UNKNOWN,1,https://www.google.com/search?q=atrium+developer+platform+cli
aviary,Finch,DEAD-SQUAT,"v0.1.1, 4.0y idle",taken,taken,unknown,unknown,taken,UNKNOWN,1,https://www.google.com/search?q=aviary+developer+platform+cli
barn,Bale,DEAD-SQUAT,"v0.2.3, 4.0y idle",taken,taken,unknown,unknown,taken,UNKNOWN,1,https://www.google.com/search?q=barn+developer+platform+cli
barrel,Dram,DEAD-SQUAT,"v0.1.0, 4.0y idle",taken,taken,unknown,unknown,taken,UNKNOWN,1,https://www.google.com/search?q=barrel+developer+platform+cli
basin,Drop,DEAD-SQUAT,"v0.3.0, 4.0y idle",taken,taken,unknown,unknown,taken,UNKNOWN,1,https://www.google.com/search?q=basin+developer+platform+cli
bazaar,Stall,DEAD-SQUAT,"v0.2.5, 4.0y idle",taken,taken,unknown,unknown,taken,UNKNOWN,1,https://www.google.com/search?q=bazaar+developer+platform+cli
berg,Shard,DEAD-SQUAT,"v0.1.1, 4.0y idle",taken,taken,unknown,unknown,taken,UNKNOWN,1,https://www.google.com/search?q=berg+developer+platform+cli
blip,Byte,DEAD-SQUAT,"v0.2.3, 4.0y idle",taken,taken,unknown,unknown,taken,UNKNOWN,1,https://www.google.com/search?q=blip+developer+platform+cli
board,Chip,DEAD-SQUAT,"v0.5.1, 4.0y idle",taken,taken,unknown,unknown,taken,UNKNOWN,1,https://www.google.com/search?q=board+developer+platform+cli
boson,Quark,DEAD-SQUAT,"v0.3.0, 4.0y idle",taken,taken,unknown,unknown,taken,UNKNOWN,1,https://www.google.com/search?q=boson+developer+platform+cli
brew,Shot,DEAD-SQUAT,"v0.0.8, 4.0y idle",taken,taken,unknown,unknown,taken,UNKNOWN,1,https://www.google.com/search?q=brew+developer+platform+cli
brood,Larva,DEAD-SQUAT,"v0.1.4, 4.0y idle",taken,taken,unknown,unknown,taken,UNKNOWN,1,https://www.google.com/search?q=brood+developer+platform+cli
brook,Pebble,DEAD-SQUAT,"v0.0.3, 4.0y idle",taken,taken,unknown,unknown,taken,UNKNOWN,1,https://www.google.com/search?q=brook+developer+platform+cli
bushel,Grain,DEAD-SQUAT,"v0.0.1, 4.0y idle",taken,taken,unknown,unknown,taken,UNKNOWN,1,https://www.google.com/search?q=bushel+developer+platform+cli
buttress,Block,DEAD-SQUAT,"v0.0.8, 4.0y idle",taken,taken,unknown,unknown,taken,UNKNOWN,1,https://www.google.com/search?q=buttress+developer+platform+cli
cairn,Stone,DEAD-SQUAT,"v0.8.0, 4.0y idle",taken,taken,unknown,unknown,taken,UNKNOWN,1,https://www.google.com/search?q=cairn+developer+platform+cli
canopy,Leaf,DEAD-SQUAT,"v0.4.1, 3.1y idle",taken,taken,unknown,unknown,taken,UNKNOWN,1,https://www.google.com/search?q=canopy+developer+platform+cli
capacitor,Charge,DEAD-SQUAT,"v0.5.6, 2.8y idle",taken,taken,unknown,unknown,taken,UNKNOWN,1,https://www.google.com/search?q=capacitor+developer+platform+cli
cascade,Droplet,DEAD-SQUAT,"v0.7.11, 4.0y idle",taken,taken,unknown,unknown,taken,UNKNOWN,1,https://www.google.com/search?q=cascade+developer+platform+cli
cask,Dram,DEAD-SQUAT,"v0.0.0, 4.0y idle",taken,taken,unknown,unknown,taken,UNKNOWN,1,https://www.google.com/search?q=cask+developer+platform+cli
cellar,Bottle,DEAD-SQUAT,"v0.0.3, 4.0y idle",taken,taken,unknown,unknown,taken,UNKNOWN,1,https://www.google.com/search?q=cellar+developer+platform+cli
chord,Tone,DEAD-SQUAT,"v0.1.2, 4.0y idle",taken,taken,unknown,unknown,taken,UNKNOWN,1,https://www.google.com/search?q=chord+developer+platform+cli
cirrus,Mote,DEAD-SQUAT,"v0.6.0, 2.8y idle",taken,taken,unknown,unknown,taken,UNKNOWN,1,https://www.google.com/search?q=cirrus+developer+platform+cli
clockwork,Cog,DEAD-SQUAT,"v0.1.4, 4.0y idle",taken,taken,unknown,unknown,taken,UNKNOWN,1,https://www.google.com/search?q=clockwork+developer+platform+cli
cluster,Node,DEAD-SQUAT,"v0.7.7, 3.5y idle",taken,taken,unknown,unknown,taken,UNKNOWN,1,https://www.google.com/search?q=cluster+developer+platform+cli
collider,Muon,DEAD-SQUAT,"v0.0.0, 4.0y idle",taken,taken,unknown,unknown,taken,UNKNOWN,1,https://www.google.com/search?q=collider+developer+platform+cli
colonnade,Column,DEAD-SQUAT,"v0.1.3, 4.0y idle",taken,taken,unknown,unknown,taken,UNKNOWN,1,https://www.google.com/search?q=colonnade+developer+platform+cli
colony,Drone,DEAD-SQUAT,"v0.0.7, 4.0y idle",taken,taken,unknown,unknown,taken,UNKNOWN,1,https://www.google.com/search?q=colony+developer+platform+cli
compendium,Entry,DEAD-SQUAT,"v0.0.3, 4.0y idle",taken,taken,unknown,unknown,taken,UNKNOWN,1,https://www.google.com/search?q=compendium+developer+platform+cli
confluence,Stream,DEAD-SQUAT,"v0.0.0, 4.0y idle",taken,taken,unknown,unknown,taken,UNKNOWN,1,https://www.google.com/search?q=confluence+developer+platform+cli
cosmos,Comet,DEAD-SQUAT,"v0.1.2, 4.0y idle",taken,taken,unknown,unknown,taken,UNKNOWN,1,https://www.google.com/search?q=cosmos+developer+platform+cli
cove,Sloop,DEAD-SQUAT,"v0.0.0, 4.0y idle",taken,taken,unknown,unknown,taken,UNKNOWN,1,https://www.google.com/search?q=cove+developer+platform+cli
crema,Shot,DEAD-SQUAT,"v0.1.5, 4.0y idle",taken,taken,unknown,unknown,taken,UNKNOWN,1,https://www.google.com/search?q=crema+developer+platform+cli
crib,Grain,DEAD-SQUAT,"v0.2.6, 4.0y idle",taken,taken,unknown,unknown,taken,UNKNOWN,1,https://www.google.com/search?q=crib+developer+platform+cli
crucible,Melt,DEAD-SQUAT,unpublished/empty,taken,taken,unknown,unknown,taken,UNKNOWN,1,https://www.google.com/search?q=crucible+developer+platform+cli
crush,Must,DEAD-SQUAT,"v0.2.1, 4.0y idle",taken,taken,unknown,unknown,taken,UNKNOWN,1,https://www.google.com/search?q=crush+developer+platform+cli
current,Eddy,DEAD-SQUAT,"v0.1.6, 4.0y idle",taken,taken,unknown,unknown,taken,UNKNOWN,1,https://www.google.com/search?q=current+developer+platform+cli
dock,Crate,DEAD-SQUAT,"v0.1.4, 4.0y idle",taken,taken,unknown,unknown,taken,UNKNOWN,1,https://www.google.com/search?q=dock+developer+platform+cli
elixir,Dose,DEAD-SQUAT,"v0.1.2, 4.0y idle",taken,taken,unknown,unknown,taken,UNKNOWN,1,https://www.google.com/search?q=elixir+developer+platform+cli
eon,Quark,DEAD-SQUAT,"v0.0.2, 4.0y idle",taken,taken,unknown,unknown,taken,UNKNOWN,1,https://www.google.com/search?q=eon+developer+platform+cli
exchange,Lot,DEAD-SQUAT,"v0.0.0, 4.0y idle",taken,taken,unknown,unknown,taken,UNKNOWN,1,https://www.google.com/search?q=exchange+developer+platform+cli
felt,Fiber,DEAD-SQUAT,"v0.3.2, 4.0y idle",taken,taken,unknown,unknown,taken,UNKNOWN,1,https://www.google.com/search?q=felt+developer+platform+cli
ferment,Culture,DEAD-SQUAT,"v0.6.19, 4.0y idle",taken,taken,unknown,unknown,taken,UNKNOWN,1,https://www.google.com/search?q=ferment+developer+platform+cli
flit,Spark,DEAD-SQUAT,"v0.0.9, 4.0y idle",taken,taken,unknown,unknown,taken,UNKNOWN,1,https://www.google.com/search?q=flit+developer+platform+cli
flock,Wing,DEAD-SQUAT,"v0.3.10, 4.0y idle",taken,taken,unknown,unknown,taken,UNKNOWN,1,https://www.google.com/search?q=flock+developer+platform+cli
floe,Shard,DEAD-SQUAT,"v0.0.1, 4.1y idle",taken,taken,unknown,unknown,taken,UNKNOWN,1,https://www.google.com/search?q=floe+developer+platform+cli
flurry,Flake,DEAD-SQUAT,"v0.1.0, 4.0y idle",taken,taken,unknown,unknown,taken,UNKNOWN,1,https://www.google.com/search?q=flurry+developer+platform+cli
flywheel,Cog,DEAD-SQUAT,"v0.1.0, 4.0y idle",taken,taken,unknown,unknown,taken,UNKNOWN,1,https://www.google.com/search?q=flywheel+developer+platform+cli
fresco,Chip,DEAD-SQUAT,"v0.0.0, 4.0y idle",taken,taken,unknown,unknown,taken,UNKNOWN,1,https://www.google.com/search?q=fresco+developer+platform+cli
frost,Crystal,DEAD-SQUAT,"v0.0.9, 4.0y idle",taken,taken,unknown,unknown,taken,UNKNOWN,1,https://www.google.com/search?q=frost+developer+platform+cli
furnace,Coal,DEAD-SQUAT,"v0.0.1-alpha2, 4.0y idle",taken,taken,unknown,unknown,taken,UNKNOWN,1,https://www.google.com/search?q=furnace+developer+platform+cli
gantry,Bolt,DEAD-SQUAT,"v0.0.1, 4.0y idle",taken,taken,unknown,unknown,taken,UNKNOWN,1,https://www.google.com/search?q=gantry+developer+platform+cli
gear,Cog,DEAD-SQUAT,"v0.9.7, 4.0y idle",taken,taken,unknown,unknown,taken,UNKNOWN,1,https://www.google.com/search?q=gear+developer+platform+cli
glacier,Floe,DEAD-SQUAT,"v0.0.1, 4.0y idle",taken,taken,unknown,unknown,taken,UNKNOWN,1,https://www.google.com/search?q=glacier+developer+platform+cli
glade,Fern,DEAD-SQUAT,unpublished/empty,taken,taken,unknown,unknown,taken,UNKNOWN,1,https://www.google.com/search?q=glade+developer+platform+cli
glaze,Crystal,DEAD-SQUAT,"v0.5.1, 4.0y idle",taken,taken,unknown,unknown,taken,UNKNOWN,1,https://www.google.com/search?q=glaze+developer+platform+cli
granary,Grain,DEAD-SQUAT,"v0.2.1, 4.0y idle",taken,taken,unknown,unknown,taken,UNKNOWN,1,https://www.google.com/search?q=granary+developer+platform+cli
grove,Sapling,DEAD-SQUAT,"v0.4.0, 4.0y idle",taken,taken,unknown,unknown,taken,UNKNOWN,1,https://www.google.com/search?q=grove+developer+platform+cli
hadron,Quark,DEAD-SQUAT,"v0.3.1, 4.0y idle",taken,taken,unknown,unknown,taken,UNKNOWN,1,https://www.google.com/search?q=hadron+developer+platform+cli
halo,Moon,DEAD-SQUAT,"v0.1.6, 4.0y idle",taken,taken,unknown,unknown,taken,UNKNOWN,1,https://www.google.com/search?q=halo+developer+platform+cli
harbor,Skiff,DEAD-SQUAT,"v0.3.0, 4.0y idle",taken,taken,unknown,unknown,taken,UNKNOWN,1,https://www.google.com/search?q=harbor+developer+platform+cli
headwater,Drop,DEAD-SQUAT,"v0.4.1, 4.1y idle",taken,taken,unknown,unknown,taken,UNKNOWN,1,https://www.google.com/search?q=headwater+developer+platform+cli
heath,Heather,DEAD-SQUAT,"v0.0.0, 4.0y idle",taken,taken,unknown,unknown,taken,UNKNOWN,1,https://www.google.com/search?q=heath+developer+platform+cli
hold,Pallet,DEAD-SQUAT,"v0.0.11, 4.0y idle",taken,taken,unknown,unknown,taken,UNKNOWN,1,https://www.google.com/search?q=hold+developer+platform+cli
husk,Kernel,DEAD-SQUAT,"v0.5.3, 4.0y idle",taken,taken,unknown,unknown,taken,UNKNOWN,1,https://www.google.com/search?q=husk+developer+platform+cli
index,Entry,DEAD-SQUAT,"v0.4.0, 2.4y idle",taken,taken,unknown,unknown,taken,UNKNOWN,1,https://www.google.com/search?q=index+developer+platform+cli
inlay,Shard,DEAD-SQUAT,"v0.0.7, 4.0y idle",taken,taken,unknown,unknown,taken,UNKNOWN,1,https://www.google.com/search?q=inlay+developer+platform+cli
kiln,Vessel,DEAD-SQUAT,"v0.0.1, 4.0y idle",taken,taken,unknown,unknown,taken,UNKNOWN,1,https://www.google.com/search?q=kiln+developer+platform+cli
knox,Bit,DEAD-SQUAT,"v0.9.2, 2.1y idle",taken,taken,unknown,unknown,taken,UNKNOWN,1,https://www.google.com/search?q=knox+developer+platform+cli
lagoon,Anemone,DEAD-SQUAT,"v0.0.1, 4.0y idle",taken,taken,unknown,unknown,taken,UNKNOWN,1,https://www.google.com/search?q=lagoon+developer+platform+cli
lantern,Flame,DEAD-SQUAT,"v0.1.2, 4.0y idle",taken,taken,unknown,unknown,taken,UNKNOWN,1,https://www.google.com/search?q=lantern+developer+platform+cli
lathe,Blank,DEAD-SQUAT,"v0.4.0, 4.0y idle",taken,taken,unknown,unknown,taken,UNKNOWN,1,https://www.google.com/search?q=lathe+developer+platform+cli
lattice,Gate,DEAD-SQUAT,"v0.98.0, 4.0y idle",taken,taken,unknown,unknown,taken,UNKNOWN,1,https://www.google.com/search?q=lattice+developer+platform+cli
ledger,Entry,DEAD-SQUAT,"v0.1.0, 4.0y idle",taken,taken,unknown,unknown,taken,UNKNOWN,1,https://www.google.com/search?q=ledger+developer+platform+cli
library,Volume,DEAD-SQUAT,unpublished/empty,taken,taken,unknown,unknown,taken,UNKNOWN,1,https://www.google.com/search?q=library+developer+platform+cli
lintel,Brick,DEAD-SQUAT,"v0.1.9, 4.0y idle",taken,taken,unknown,unknown,taken,UNKNOWN,1,https://www.google.com/search?q=lintel+developer+platform+cli
lode,Nugget,DEAD-SQUAT,"v0.1.1, 4.0y idle",taken,taken,unknown,unknown,taken,UNKNOWN,1,https://www.google.com/search?q=lode+developer+platform+cli
lumo,Photon,DEAD-SQUAT,"v0.20.17, 3.1y idle",taken,taken,unknown,unknown,taken,UNKNOWN,1,https://www.google.com/search?q=lumo+developer+platform+cli
mangrove,Sprout,DEAD-SQUAT,"v0.7.4, 3.2y idle",taken,taken,unknown,unknown,taken,UNKNOWN,1,https://www.google.com/search?q=mangrove+developer+platform+cli
marina,Dinghy,DEAD-SQUAT,"v0.0.4, 4.0y idle",taken,taken,unknown,unknown,taken,UNKNOWN,1,https://www.google.com/search?q=marina+developer+platform+cli
masonry,Brick,DEAD-SQUAT,"v0.0.2, 4.0y idle",taken,taken,unknown,unknown,taken,UNKNOWN,1,https://www.google.com/search?q=masonry+developer+platform+cli
mill,Grain,DEAD-SQUAT,"v0.0.1, 4.0y idle",taken,taken,unknown,unknown,taken,UNKNOWN,1,https://www.google.com/search?q=mill+developer+platform+cli
mistral,Gust,DEAD-SQUAT,"v0.0.4, 4.0y idle",taken,taken,unknown,unknown,taken,UNKNOWN,1,https://www.google.com/search?q=mistral+developer+platform+cli
monsoon,Drop,DEAD-SQUAT,"v0.1.4, 4.0y idle",taken,taken,unknown,unknown,taken,UNKNOWN,1,https://www.google.com/search?q=monsoon+developer+platform+cli
moor,Sedge,DEAD-SQUAT,"v0.0.2, 4.0y idle",taken,taken,unknown,unknown,taken,UNKNOWN,1,https://www.google.com/search?q=moor+developer+platform+cli
mote,Speck,DEAD-SQUAT,"v0.2.0, 4.0y idle",taken,taken,unknown,unknown,taken,UNKNOWN,1,https://www.google.com/search?q=mote+developer+platform+cli
mycelium,Spore,DEAD-SQUAT,unpublished/empty,taken,taken,unknown,unknown,taken,UNKNOWN,1,https://www.google.com/search?q=mycelium+developer+platform+cli
nebula,Mote,DEAD-SQUAT,"v0.1.5, 3.5y idle",taken,taken,unknown,unknown,taken,UNKNOWN,1,https://www.google.com/search?q=nebula+developer+platform+cli
nimbus,Droplet,DEAD-SQUAT,"v0.0.28, 4.0y idle",taken,taken,unknown,unknown,taken,UNKNOWN,1,https://www.google.com/search?q=nimbus+developer+platform+cli
nucleus,Nucleon,DEAD-SQUAT,"v0.0.0, 4.0y idle",taken,taken,unknown,unknown,taken,UNKNOWN,1,https://www.google.com/search?q=nucleus+developer+platform+cli
nyx,Mote,DEAD-SQUAT,"v0.1.0, 4.0y idle",taken,taken,unknown,unknown,taken,UNKNOWN,1,https://www.google.com/search?q=nyx+developer+platform+cli
octave,Tone,DEAD-SQUAT,"v0.0.0, 4.1y idle",taken,taken,unknown,unknown,taken,UNKNOWN,1,https://www.google.com/search?q=octave+developer+platform+cli
pantry,Jar,DEAD-SQUAT,"v0.7.6, 4.0y idle",taken,taken,unknown,unknown,taken,UNKNOWN,1,https://www.google.com/search?q=pantry+developer+platform+cli
pasture,Blade,DEAD-SQUAT,"v0.1.0, 4.0y idle",taken,taken,unknown,unknown,taken,UNKNOWN,1,https://www.google.com/search?q=pasture+developer+platform+cli
permafrost,Grain,DEAD-SQUAT,"v0.0.4, 3.6y idle",taken,taken,unknown,unknown,taken,UNKNOWN,1,https://www.google.com/search?q=permafrost+developer+platform+cli
pier,Tender,DEAD-SQUAT,"v0.0.0, 3.6y idle",taken,taken,unknown,unknown,taken,UNKNOWN,1,https://www.google.com/search?q=pier+developer+platform+cli
piston,Valve,DEAD-SQUAT,"v0.2.1, 4.0y idle",taken,taken,unknown,unknown,taken,UNKNOWN,1,https://www.google.com/search?q=piston+developer+platform+cli
plasma,Ion,DEAD-SQUAT,"v0.9.1, 4.0y idle",taken,taken,unknown,unknown,taken,UNKNOWN,1,https://www.google.com/search?q=plasma+developer+platform+cli
plexus,Node,DEAD-SQUAT,"v0.0.1, 4.0y idle",taken,taken,unknown,unknown,taken,UNKNOWN,1,https://www.google.com/search?q=plexus+developer+platform+cli
port,Vessel,DEAD-SQUAT,"v0.8.1, 4.0y idle",taken,taken,unknown,unknown,taken,UNKNOWN,1,https://www.google.com/search?q=port+developer+platform+cli
proton,Quark,DEAD-SQUAT,"v0.5.0, 4.0y idle",taken,taken,unknown,unknown,taken,UNKNOWN,1,https://www.google.com/search?q=proton+developer+platform+cli
pyon,Pion,DEAD-SQUAT,"v0.0.14, 4.0y idle",taken,taken,unknown,unknown,taken,UNKNOWN,1,https://www.google.com/search?q=pyon+developer+platform+cli
pyre,Ember,DEAD-SQUAT,"v0.0.29, 4.0y idle",taken,taken,unknown,unknown,taken,UNKNOWN,1,https://www.google.com/search?q=pyre+developer+platform+cli
quartz,Facet,DEAD-SQUAT,"v0.0.1, 4.0y idle",taken,taken,unknown,unknown,taken,UNKNOWN,1,https://www.google.com/search?q=quartz+developer+platform+cli
quench,Shard,DEAD-SQUAT,"v0.0.0, 4.0y idle",taken,taken,unknown,unknown,taken,UNKNOWN,1,https://www.google.com/search?q=quench+developer+platform+cli
quilt,Patch,DEAD-SQUAT,"v0.1.3, 4.0y idle",taken,taken,unknown,unknown,taken,UNKNOWN,1,https://www.google.com/search?q=quilt+developer+platform+cli
quix,Bit,DEAD-SQUAT,"v0.0.0-reserved, 4.1y idle",taken,taken,unknown,unknown,taken,UNKNOWN,1,https://www.google.com/search?q=quix+developer+platform+cli
reef,Polyp,DEAD-SQUAT,"v0.0.1, 4.0y idle",taken,taken,unknown,unknown,taken,UNKNOWN,1,https://www.google.com/search?q=reef+developer+platform+cli
refrain,Bar,DEAD-SQUAT,"v0.5.6, 4.0y idle",taken,taken,unknown,unknown,taken,UNKNOWN,1,https://www.google.com/search?q=refrain+developer+platform+cli
rhizome,Node,DEAD-SQUAT,"v0.3.0, 4.0y idle",taken,taken,unknown,unknown,taken,UNKNOWN,1,https://www.google.com/search?q=rhizome+developer+platform+cli
rivulet,Drop,DEAD-SQUAT,"v0.0.8, 4.0y idle",taken,taken,unknown,unknown,taken,UNKNOWN,1,https://www.google.com/search?q=rivulet+developer+platform+cli
rookery,Rook,DEAD-SQUAT,"v0.3.0, 4.0y idle",taken,taken,unknown,unknown,taken,UNKNOWN,1,https://www.google.com/search?q=rookery+developer+platform+cli
scaffold,Plank,DEAD-SQUAT,"v0.2.13, 2.9y idle",taken,taken,unknown,unknown,taken,UNKNOWN,1,https://www.google.com/search?q=scaffold+developer+platform+cli
score,Note,DEAD-SQUAT,"v0.0.0, 4.0y idle",taken,taken,unknown,unknown,taken,UNKNOWN,1,https://www.google.com/search?q=score+developer+platform+cli
sheaf,Stalk,DEAD-SQUAT,"v0.1.2, 4.0y idle",taken,taken,unknown,unknown,taken,UNKNOWN,1,https://www.google.com/search?q=sheaf+developer+platform+cli
shoal,Fry,DEAD-SQUAT,"v0.2.3, 4.0y idle",taken,taken,unknown,unknown,taken,UNKNOWN,1,https://www.google.com/search?q=shoal+developer+platform+cli
silo,Grain,DEAD-SQUAT,"v0.0.2, 4.0y idle",taken,taken,unknown,unknown,taken,UNKNOWN,1,https://www.google.com/search?q=silo+developer+platform+cli
sleet,Pellet,DEAD-SQUAT,"v0.1.1, 4.0y idle",taken,taken,unknown,unknown,taken,UNKNOWN,1,https://www.google.com/search?q=sleet+developer+platform+cli
smelt,Ore,DEAD-SQUAT,"v0.0.2, 4.0y idle",taken,taken,unknown,unknown,taken,UNKNOWN,1,https://www.google.com/search?q=smelt+developer+platform+cli
smithy,Blade,DEAD-SQUAT,"v0.6.3, 4.0y idle",taken,taken,unknown,unknown,taken,UNKNOWN,1,https://www.google.com/search?q=smithy+developer+platform+cli
smolder,Ember,DEAD-SQUAT,"v0.3.1, 4.0y idle",taken,taken,unknown,unknown,taken,UNKNOWN,1,https://www.google.com/search?q=smolder+developer+platform+cli
spindle,Cog,DEAD-SQUAT,"v0.0.5, 4.0y idle",taken,taken,unknown,unknown,taken,UNKNOWN,1,https://www.google.com/search?q=spindle+developer+platform+cli
spring,Drop,DEAD-SQUAT,"v0.0.0, 4.0y idle",taken,taken,unknown,unknown,taken,UNKNOWN,1,https://www.google.com/search?q=spring+developer+platform+cli
spry,Sprig,DEAD-SQUAT,"v0.0.4, 4.0y idle",taken,taken,unknown,unknown,taken,UNKNOWN,1,https://www.google.com/search?q=spry+developer+platform+cli
steppe,Stalk,DEAD-SQUAT,"v0.2.3, 4.0y idle",taken,taken,unknown,unknown,taken,UNKNOWN,1,https://www.google.com/search?q=steppe+developer+platform+cli
still,Dram,DEAD-SQUAT,"v0.0.7, 4.0y idle",taken,taken,unknown,unknown,taken,UNKNOWN,1,https://www.google.com/search?q=still+developer+platform+cli
strata,Grain,DEAD-SQUAT,"v0.20.1, 4.0y idle",taken,taken,unknown,unknown,taken,UNKNOWN,1,https://www.google.com/search?q=strata+developer+platform+cli
synapse,Signal,DEAD-SQUAT,"v0.2.0, 4.0y idle",taken,taken,unknown,unknown,taken,UNKNOWN,1,https://www.google.com/search?q=synapse+developer+platform+cli
tamp,Shot,DEAD-SQUAT,"v0.0.3, 4.0y idle",taken,taken,unknown,unknown,taken,UNKNOWN,1,https://www.google.com/search?q=tamp+developer+platform+cli
tapestry,Thread,DEAD-SQUAT,"v0.0.0, 4.0y idle",taken,taken,unknown,unknown,taken,UNKNOWN,1,https://www.google.com/search?q=tapestry+developer+platform+cli
tempest,Bolt,DEAD-SQUAT,"v0.0.4, 4.0y idle",taken,taken,unknown,unknown,taken,UNKNOWN,1,https://www.google.com/search?q=tempest+developer+platform+cli
tempo,Beat,DEAD-SQUAT,"v0.2.7, 4.0y idle",taken,taken,unknown,unknown,taken,UNKNOWN,1,https://www.google.com/search?q=tempo+developer+platform+cli
tile,Pixel,DEAD-SQUAT,"v0.0.1, 4.0y idle",taken,taken,unknown,unknown,taken,UNKNOWN,1,https://www.google.com/search?q=tile+developer+platform+cli
transistor,Gate,DEAD-SQUAT,"v0.4.0, 4.0y idle",taken,taken,unknown,unknown,taken,UNKNOWN,1,https://www.google.com/search?q=transistor+developer+platform+cli
tuber,Eye,DEAD-SQUAT,"v0.1.0, 4.0y idle",taken,taken,unknown,unknown,taken,UNKNOWN,1,https://www.google.com/search?q=tuber+developer+platform+cli
vault,Stone,DEAD-SQUAT,"v0.3.0, 4.0y idle",taken,taken,unknown,unknown,taken,UNKNOWN,1,https://www.google.com/search?q=vault+developer+platform+cli
vein,Nugget,DEAD-SQUAT,"v0.5.5, 4.0y idle",taken,taken,unknown,unknown,taken,UNKNOWN,1,https://www.google.com/search?q=vein+developer+platform+cli
veon,Muon,DEAD-SQUAT,"v0.3.0, 4.0y idle",taken,taken,unknown,unknown,taken,UNKNOWN,1,https://www.google.com/search?q=veon+developer+platform+cli
vial,Dose,DEAD-SQUAT,"v0.0.4, 4.0y idle",taken,taken,unknown,unknown,taken,UNKNOWN,1,https://www.google.com/search?q=vial+developer+platform+cli
vineyard,Vine,DEAD-SQUAT,"v0.1.10, 4.0y idle",taken,taken,unknown,unknown,taken,UNKNOWN,1,https://www.google.com/search?q=vineyard+developer+platform+cli
vintage,Cask,DEAD-SQUAT,"v0.0.0, 4.0y idle",taken,taken,unknown,unknown,taken,UNKNOWN,1,https://www.google.com/search?q=vintage+developer+platform+cli
vix,Bit,DEAD-SQUAT,"v0.0.1, 4.0y idle",taken,taken,unknown,unknown,taken,UNKNOWN,1,https://www.google.com/search?q=vix+developer+platform+cli
volary,Swift,DEAD-SQUAT,"v0.0.1, 4.0y idle",taken,taken,unknown,unknown,taken,UNKNOWN,1,https://www.google.com/search?q=volary+developer+platform+cli
voxel,Bit,DEAD-SQUAT,"v0.5.0, 4.0y idle",taken,taken,unknown,unknown,taken,UNKNOWN,1,https://www.google.com/search?q=voxel+developer+platform+cli
wharf,Cargo,DEAD-SQUAT,"v0.0.1, 4.0y idle",taken,taken,unknown,unknown,taken,UNKNOWN,1,https://www.google.com/search?q=wharf+developer+platform+cli
wisp,Mote,DEAD-SQUAT,"v0.13.0, 4.0y idle",taken,taken,unknown,unknown,taken,UNKNOWN,1,https://www.google.com/search?q=wisp+developer+platform+cli
zenith,Beacon,DEAD-SQUAT,"v0.0.1, 3.2y idle",taken,taken,unknown,unknown,taken,UNKNOWN,1,https://www.google.com/search?q=zenith+developer+platform+cli
zeon,Ion,DEAD-SQUAT,"v0.0.0, 4.0y idle",taken,taken,unknown,unknown,unknown,UNKNOWN,1,https://www.google.com/search?q=zeon+developer+platform+cli
aquifer,Drop,TAKEN-LIVE,"v1.0.0, upd 2022-06-13",taken,taken,unknown,unknown,taken,UNKNOWN,0,https://www.google.com/search?q=aquifer+developer+platform+cli
arcade,Kiosk,TAKEN-LIVE,"v0.0.11, upd 2026-06-17",taken,taken,unknown,unknown,taken,UNKNOWN,0,https://www.google.com/search?q=arcade+developer+platform+cli
assay,Sample,TAKEN-LIVE,"v1.0.0, upd 2022-06-13",taken,taken,unknown,unknown,taken,UNKNOWN,0,https://www.google.com/search?q=assay+developer+platform+cli
aurora,Glint,TAKEN-LIVE,"v2.1.3, upd 2022-06-13",taken,taken,unknown,unknown,taken,UNKNOWN,0,https://www.google.com/search?q=aurora+developer+platform+cli
basalt,Shard,TAKEN-LIVE,"v1.0.1, upd 2022-06-13",taken,taken,unknown,unknown,taken,UNKNOWN,0,https://www.google.com/search?q=basalt+developer+platform+cli
beaker,Drop,TAKEN-LIVE,"v6.1.0, upd 2022-06-13",taken,taken,unknown,unknown,taken,UNKNOWN,0,https://www.google.com/search?q=beaker+developer+platform+cli
bedrock,Pebble,TAKEN-LIVE,"v4.5.1, upd 2022-06-13",taken,taken,unknown,unknown,taken,UNKNOWN,0,https://www.google.com/search?q=bedrock+developer+platform+cli
bellows,Ember,TAKEN-LIVE,"v1.1.2, upd 2022-06-13",taken,taken,unknown,unknown,taken,UNKNOWN,0,https://www.google.com/search?q=bellows+developer+platform+cli
berth,Hull,TAKEN-LIVE,"v1.0.0, upd 2022-06-13",taken,taken,unknown,unknown,taken,UNKNOWN,0,https://www.google.com/search?q=berth+developer+platform+cli
bobbin,Thread,TAKEN-LIVE,"v3.1.0, upd 2022-06-13",taken,taken,unknown,unknown,taken,UNKNOWN,0,https://www.google.com/search?q=bobbin+developer+platform+cli
bower,Vine,TAKEN-LIVE,"v1.8.14, upd 2026-06-05",taken,taken,unknown,unknown,taken,UNKNOWN,0,https://www.google.com/search?q=bower+developer+platform+cli
bramble,Cane,TAKEN-LIVE,"v1.1.0, upd 2022-06-13",taken,taken,unknown,unknown,taken,UNKNOWN,0,https://www.google.com/search?q=bramble+developer+platform+cli
brazier,Coal,TAKEN-LIVE,"v1.0.0, upd 2022-06-13",taken,taken,unknown,unknown,taken,UNKNOWN,0,https://www.google.com/search?q=brazier+developer+platform+cli
cadence,Beat,TAKEN-LIVE,"v3.0.6, upd 2022-06-13",taken,taken,unknown,unknown,taken,UNKNOWN,0,https://www.google.com/search?q=cadence+developer+platform+cli
catalog,Card,TAKEN-LIVE,"v3.6.2, upd 2025-10-10",taken,taken,unknown,unknown,taken,UNKNOWN,0,https://www.google.com/search?q=catalog+developer+platform+cli
catalyst,Mote,TAKEN-LIVE,"v2.0.0-beta.4, upd 2025-12-30",taken,taken,unknown,unknown,taken,UNKNOWN,0,https://www.google.com/search?q=catalyst+developer+platform+cli
cinder,Ember,TAKEN-LIVE,"v1.0.0-alpha.2, upd 2022-06-13",taken,taken,unknown,unknown,taken,UNKNOWN,0,https://www.google.com/search?q=cinder+developer+platform+cli
circuit,Node,TAKEN-LIVE,"v1.2.0, upd 2022-06-13",taken,taken,unknown,unknown,taken,UNKNOWN,0,https://www.google.com/search?q=circuit+developer+platform+cli
codex,Page,TAKEN-LIVE,"v0.2.3, upd 2025-12-07",taken,taken,unknown,unknown,taken,UNKNOWN,0,https://www.google.com/search?q=codex+developer+platform+cli
cogwork,Tooth,TAKEN-LIVE,"v1.0.3, upd 2025-12-30",taken,taken,unknown,unknown,taken,UNKNOWN,0,https://www.google.com/search?q=cogwork+developer+platform+cli
comb,Cell,TAKEN-LIVE,"v2.0.0, upd 2022-06-13",taken,taken,unknown,unknown,taken,UNKNOWN,0,https://www.google.com/search?q=comb+developer+platform+cli
constellation,Star,TAKEN-LIVE,"v1.0.1, upd 2022-06-13",taken,taken,unknown,unknown,taken,UNKNOWN,0,https://www.google.com/search?q=constellation+developer+platform+cli
coral,Polyp,TAKEN-LIVE,"v1.0.5, upd 2026-02-24",taken,taken,unknown,unknown,taken,UNKNOWN,0,https://www.google.com/search?q=coral+developer+platform+cli
core,Proton,TAKEN-LIVE,"v1.0.113, upd 2022-06-30",taken,taken,unknown,unknown,taken,UNKNOWN,0,https://www.google.com/search?q=core+developer+platform+cli
cote,Dove,TAKEN-LIVE,"v1.2.0, upd 2024-11-16",taken,taken,unknown,unknown,taken,UNKNOWN,0,https://www.google.com/search?q=cote+developer+platform+cli
covey,Quail,TAKEN-LIVE,"v1.2.0, upd 2024-03-18",taken,taken,unknown,unknown,taken,UNKNOWN,0,https://www.google.com/search?q=covey+developer+platform+cli
decanter,Pour,TAKEN-LIVE,"v7.4.0, upd 2025-08-21",taken,taken,unknown,unknown,taken,UNKNOWN,0,https://www.google.com/search?q=decanter+developer+platform+cli
delta,Silt,TAKEN-LIVE,"v3.0.5, upd 2022-06-15",taken,taken,unknown,unknown,taken,UNKNOWN,0,https://www.google.com/search?q=delta+developer+platform+cli
dovecote,Pigeon,TAKEN-LIVE,"v0.0.1, upd 2024-10-28",taken,taken,unknown,unknown,taken,UNKNOWN,0,https://www.google.com/search?q=dovecote+developer+platform+cli
drift,Flake,TAKEN-LIVE,"v16.1.0, upd 2023-02-02",taken,taken,unknown,unknown,taken,UNKNOWN,0,https://www.google.com/search?q=drift+developer+platform+cli
emporium,Booth,TAKEN-LIVE,"v3.0.2, upd 2022-05-01",taken,taken,unknown,unknown,taken,UNKNOWN,0,https://www.google.com/search?q=emporium+developer+platform+cli
espalier,Scion,TAKEN-LIVE,"v0.0.0, upd 2026-06-01",taken,taken,unknown,unknown,taken,UNKNOWN,0,https://www.google.com/search?q=espalier+developer+platform+cli
estuary,Fry,TAKEN-LIVE,"v1.0.1, upd 2022-06-17",taken,taken,unknown,unknown,taken,UNKNOWN,0,https://www.google.com/search?q=estuary+developer+platform+cli
eyrie,Chick,TAKEN-LIVE,"v1.0.1, upd 2022-06-17",taken,taken,unknown,unknown,taken,UNKNOWN,0,https://www.google.com/search?q=eyrie+developer+platform+cli
fen,Reed,TAKEN-LIVE,"v2.1.2, upd 2022-06-18",taken,taken,unknown,unknown,taken,UNKNOWN,0,https://www.google.com/search?q=fen+developer+platform+cli
field,Quanta,TAKEN-LIVE,"v1.0.1, upd 2022-06-18",taken,taken,unknown,unknown,taken,UNKNOWN,0,https://www.google.com/search?q=field+developer+platform+cli
filament,Strand,TAKEN-LIVE,"v1.53.4, upd 2024-08-09",taken,taken,unknown,unknown,taken,UNKNOWN,0,https://www.google.com/search?q=filament+developer+platform+cli
flint,Spark,TAKEN-LIVE,"v0.16.0, upd 2026-04-30",taken,taken,unknown,unknown,taken,UNKNOWN,0,https://www.google.com/search?q=flint+developer+platform+cli
folio,Leaf,TAKEN-LIVE,"v0.3.18, upd 2025-10-15",taken,taken,unknown,unknown,taken,UNKNOWN,0,https://www.google.com/search?q=folio+developer+platform+cli
forge,Ingot,TAKEN-LIVE,"v2.3.0, upd 2022-06-18",taken,taken,unknown,unknown,taken,UNKNOWN,0,https://www.google.com/search?q=forge+developer+platform+cli
foundation,Brick,TAKEN-LIVE,"v4.2.1-1, upd 2022-06-18",taken,taken,unknown,unknown,taken,UNKNOWN,0,https://www.google.com/search?q=foundation+developer+platform+cli
foundry,Cast,TAKEN-LIVE,"v4.7.0, upd 2022-06-18",taken,taken,unknown,unknown,taken,UNKNOWN,0,https://www.google.com/search?q=foundry+developer+platform+cli
gallery,Booth,TAKEN-LIVE,"v1.0.2, upd 2022-06-18",taken,taken,unknown,unknown,taken,UNKNOWN,0,https://www.google.com/search?q=gallery+developer+platform+cli
galley,Slug,TAKEN-LIVE,"v1.2.6, upd 2022-06-18",taken,taken,unknown,unknown,taken,UNKNOWN,0,https://www.google.com/search?q=galley+developer+platform+cli
geode,Crystal,TAKEN-LIVE,"v1.0.0, upd 2026-04-09",taken,taken,unknown,unknown,taken,UNKNOWN,0,https://www.google.com/search?q=geode+developer+platform+cli
greenhouse,Seedling,TAKEN-LIVE,"v1.7.0, upd 2022-06-18",taken,taken,unknown,unknown,taken,UNKNOWN,0,https://www.google.com/search?q=greenhouse+developer+platform+cli
grid,Cell,TAKEN-LIVE,"v4.10.8, upd 2022-09-07",taken,taken,unknown,unknown,taken,UNKNOWN,0,https://www.google.com/search?q=grid+developer+platform+cli
grind,Bean,TAKEN-LIVE,"v0.0.3, upd 2025-04-30",taken,taken,unknown,unknown,taken,UNKNOWN,0,https://www.google.com/search?q=grind+developer+platform+cli
harvest,Seed,TAKEN-LIVE,"v2.2.6, upd 2022-06-18",taken,taken,unknown,unknown,taken,UNKNOWN,0,https://www.google.com/search?q=harvest+developer+platform+cli
hearth,Ember,TAKEN-LIVE,"v1.0.2, upd 2022-06-18",taken,taken,unknown,unknown,taken,UNKNOWN,0,https://www.google.com/search?q=hearth+developer+platform+cli
hive,Cell,TAKEN-LIVE,"v2.1.13, upd 2025-10-27",taken,taken,unknown,unknown,taken,UNKNOWN,0,https://www.google.com/search?q=hive+developer+platform+cli
kelp,Frond,TAKEN-LIVE,"v2.0.2, upd 2022-06-19",taken,taken,unknown,unknown,taken,UNKNOWN,0,https://www.google.com/search?q=kelp+developer+platform+cli
keystone,Stone,TAKEN-LIVE,"v4.2.1, upd 2022-06-19",taken,taken,unknown,unknown,taken,UNKNOWN,0,https://www.google.com/search?q=keystone+developer+platform+cli
kindling,Spark,TAKEN-LIVE,"v1.1.0, upd 2022-06-19",taken,taken,unknown,unknown,taken,UNKNOWN,0,https://www.google.com/search?q=kindling+developer+platform+cli
loom,Warp,TAKEN-LIVE,"v3.1.2, upd 2022-06-19",taken,taken,unknown,unknown,taken,UNKNOWN,0,https://www.google.com/search?q=loom+developer+platform+cli
loop,Sample,TAKEN-LIVE,"v3.3.6, upd 2022-06-19",taken,taken,unknown,unknown,taken,UNKNOWN,0,https://www.google.com/search?q=loop+developer+platform+cli
lume,Ray,TAKEN-LIVE,"v0.3.0-alpha.46, upd 2025-06-10",taken,taken,unknown,unknown,taken,UNKNOWN,0,https://www.google.com/search?q=lume+developer+platform+cli
magnum,Pour,TAKEN-LIVE,"v0.1.8, upd 2026-04-15",taken,taken,unknown,unknown,taken,UNKNOWN,0,https://www.google.com/search?q=magnum+developer+platform+cli
mainspring,Coil,TAKEN-LIVE,"v1.0.1, upd 2022-06-19",taken,taken,unknown,unknown,taken,UNKNOWN,0,https://www.google.com/search?q=mainspring+developer+platform+cli
market,Stall,TAKEN-LIVE,"v1.0.0, upd 2023-11-12",taken,taken,unknown,unknown,taken,UNKNOWN,0,https://www.google.com/search?q=market+developer+platform+cli
matrix,Type,TAKEN-LIVE,"v1.0.3, upd 2022-12-21",taken,taken,unknown,unknown,taken,UNKNOWN,0,https://www.google.com/search?q=matrix+developer+platform+cli
meadow,Clover,TAKEN-LIVE,"v2.0.46, upd 2026-06-15",taken,taken,unknown,unknown,taken,UNKNOWN,0,https://www.google.com/search?q=meadow+developer+platform+cli
mesh,Node,TAKEN-LIVE,"v7.0.3, upd 2022-06-19",taken,taken,unknown,unknown,taken,UNKNOWN,0,https://www.google.com/search?q=mesh+developer+platform+cli
mosaic,Tessera,TAKEN-LIVE,"v1.1.0, upd 2023-06-20",taken,taken,unknown,unknown,taken,UNKNOWN,0,https://www.google.com/search?q=mosaic+developer+platform+cli
mound,Ant,TAKEN-LIVE,"v0.0.0, upd 2026-05-20",taken,taken,unknown,unknown,taken,UNKNOWN,0,https://www.google.com/search?q=mound+developer+platform+cli
orbit,Satellite,TAKEN-LIVE,"v2.6.0, upd 2022-06-23",taken,taken,unknown,unknown,taken,UNKNOWN,0,https://www.google.com/search?q=orbit+developer+platform+cli
orbo,Mote,TAKEN-LIVE,"v3.4.2, upd 2025-10-16",taken,taken,unknown,unknown,taken,UNKNOWN,0,https://www.google.com/search?q=orbo+developer+platform+cli
orchard,Graft,TAKEN-LIVE,"v3.0.1, upd 2022-06-23",taken,taken,unknown,unknown,taken,UNKNOWN,0,https://www.google.com/search?q=orchard+developer+platform+cli
pavilion,Booth,TAKEN-LIVE,"v2.0.3, upd 2022-06-23",taken,taken,unknown,unknown,taken,UNKNOWN,0,https://www.google.com/search?q=pavilion+developer+platform+cli
perch,Wren,TAKEN-LIVE,"v1.0.0, upd 2022-06-23",taken,taken,unknown,unknown,taken,UNKNOWN,0,https://www.google.com/search?q=perch+developer+platform+cli
plaza,Kiosk,TAKEN-LIVE,"v2.1.1, upd 2022-06-24",taken,taken,unknown,unknown,taken,UNKNOWN,0,https://www.google.com/search?q=plaza+developer+platform+cli
portico,Column,TAKEN-LIVE,"v1.3.2, upd 2025-11-20",taken,taken,unknown,unknown,taken,UNKNOWN,0,https://www.google.com/search?q=portico+developer+platform+cli
prairie,Stalk,TAKEN-LIVE,"v4.1.2, upd 2023-07-18",taken,taken,unknown,unknown,taken,UNKNOWN,0,https://www.google.com/search?q=prairie+developer+platform+cli
press,Glyph,TAKEN-LIVE,"v0.1.1, upd 2026-05-07",taken,taken,unknown,unknown,taken,UNKNOWN,0,https://www.google.com/search?q=press+developer+platform+cli
prism,Ray,TAKEN-LIVE,"v4.1.2, upd 2022-06-24",taken,taken,unknown,unknown,taken,UNKNOWN,0,https://www.google.com/search?q=prism+developer+platform+cli
quantum,Qubit,TAKEN-LIVE,"v1.0.0-alpha.12, upd 2022-06-25",taken,taken,unknown,unknown,taken,UNKNOWN,0,https://www.google.com/search?q=quantum+developer+platform+cli
quarry,Slab,TAKEN-LIVE,"v0.1.0, upd 2026-04-29",taken,taken,unknown,unknown,taken,UNKNOWN,0,https://www.google.com/search?q=quarry+developer+platform+cli
quay,Barge,TAKEN-LIVE,"v0.6.0, upd 2026-03-03",taken,taken,unknown,unknown,taken,UNKNOWN,0,https://www.google.com/search?q=quay+developer+platform+cli
quell,Quark,TAKEN-LIVE,"v1.0.0, upd 2022-06-25",taken,taken,unknown,unknown,taken,UNKNOWN,0,https://www.google.com/search?q=quell+developer+platform+cli
quill,Mark,TAKEN-LIVE,"v2.0.3, upd 2025-01-20",taken,taken,unknown,unknown,taken,UNKNOWN,0,https://www.google.com/search?q=quill+developer+platform+cli
ratchet,Tooth,TAKEN-LIVE,"v1.1.0, upd 2022-06-25",taken,taken,unknown,unknown,taken,UNKNOWN,0,https://www.google.com/search?q=ratchet+developer+platform+cli
reactor,Neutron,TAKEN-LIVE,"v13.0.4, upd 2022-06-26",taken,taken,unknown,unknown,taken,UNKNOWN,0,https://www.google.com/search?q=reactor+developer+platform+cli
reagent,Drop,TAKEN-LIVE,"v1.0.1, upd 2026-05-14",taken,taken,unknown,unknown,taken,UNKNOWN,0,https://www.google.com/search?q=reagent+developer+platform+cli
ream,Sheet,TAKEN-LIVE,"v5.0.0-beta.12, upd 2022-06-26",taken,taken,unknown,unknown,taken,UNKNOWN,0,https://www.google.com/search?q=ream+developer+platform+cli
reel,Yarn,TAKEN-LIVE,"v1.0.4, upd 2022-06-26",taken,taken,unknown,unknown,taken,UNKNOWN,0,https://www.google.com/search?q=reel+developer+platform+cli
relay,Pulse,TAKEN-LIVE,"v0.8.0-1, upd 2025-05-15",taken,taken,unknown,unknown,taken,UNKNOWN,0,https://www.google.com/search?q=relay+developer+platform+cli
retort,Drop,TAKEN-LIVE,"v1.0.1, upd 2022-06-26",taken,taken,unknown,unknown,taken,UNKNOWN,0,https://www.google.com/search?q=retort+developer+platform+cli
rime,Crystal,TAKEN-LIVE,"v1.1.1, upd 2022-06-26",taken,taken,unknown,unknown,taken,UNKNOWN,0,https://www.google.com/search?q=rime+developer+platform+cli
roastery,Bean,TAKEN-LIVE,"v0.1.7, upd 2026-01-27",taken,taken,unknown,unknown,taken,UNKNOWN,0,https://www.google.com/search?q=roastery+developer+platform+cli
roost,Sparrow,TAKEN-LIVE,"v1.0.12, upd 2022-06-26",taken,taken,unknown,unknown,taken,UNKNOWN,0,https://www.google.com/search?q=roost+developer+platform+cli
root,Tendril,TAKEN-LIVE,"v3.2.0, upd 2024-05-25",taken,taken,unknown,unknown,taken,UNKNOWN,0,https://www.google.com/search?q=root+developer+platform+cli
savanna,Blade,TAKEN-LIVE,"v1.0.0, upd 2022-05-17",taken,taken,unknown,unknown,taken,UNKNOWN,0,https://www.google.com/search?q=savanna+developer+platform+cli
skein,Thread,TAKEN-LIVE,"v1.0.21, upd 2022-06-26",taken,taken,unknown,unknown,taken,UNKNOWN,0,https://www.google.com/search?q=skein+developer+platform+cli
snowpack,Flake,TAKEN-LIVE,"v3.8.8, upd 2022-05-18",taken,taken,unknown,unknown,taken,UNKNOWN,0,https://www.google.com/search?q=snowpack+developer+platform+cli
spectrum,Photon,TAKEN-LIVE,"v1.0.1, upd 2022-06-26",taken,taken,unknown,unknown,taken,UNKNOWN,0,https://www.google.com/search?q=spectrum+developer+platform+cli
spool,Yarn,TAKEN-LIVE,"v3.0.0, upd 2022-06-26",taken,taken,unknown,unknown,taken,UNKNOWN,0,https://www.google.com/search?q=spool+developer+platform+cli
squall,Gust,TAKEN-LIVE,"v1.2.0, upd 2022-06-26",taken,taken,unknown,unknown,taken,UNKNOWN,0,https://www.google.com/search?q=squall+developer+platform+cli
stacks,Tome,TAKEN-LIVE,"v0.70.23, upd 2025-04-04",taken,taken,unknown,unknown,taken,UNKNOWN,0,https://www.google.com/search?q=stacks+developer+platform+cli
stamp,Die,TAKEN-LIVE,"v4.0.2, upd 2022-06-26",taken,taken,unknown,unknown,taken,UNKNOWN,0,https://www.google.com/search?q=stamp+developer+platform+cli
stave,Note,TAKEN-LIVE,"v1.1.2, upd 2022-06-27",taken,taken,unknown,unknown,taken,UNKNOWN,0,https://www.google.com/search?q=stave+developer+platform+cli
substrate,Trace,TAKEN-LIVE,"v120240617.1.9, upd 2024-08-07",taken,taken,unknown,unknown,taken,UNKNOWN,0,https://www.google.com/search?q=substrate+developer+platform+cli
swarm,Bee,TAKEN-LIVE,"v0.3.25, upd 2025-10-13",taken,taken,unknown,unknown,taken,UNKNOWN,0,https://www.google.com/search?q=swarm+developer+platform+cli
terrarium,Spore,TAKEN-LIVE,"v2.1.1, upd 2022-06-27",taken,taken,unknown,unknown,taken,UNKNOWN,0,https://www.google.com/search?q=terrarium+developer+platform+cli
terrazzo,Chip,TAKEN-LIVE,"v0.6.0, upd 2026-04-16",taken,taken,unknown,unknown,taken,UNKNOWN,0,https://www.google.com/search?q=terrazzo+developer+platform+cli
thicket,Cane,TAKEN-LIVE,"v1.2.1, upd 2022-06-27",taken,taken,unknown,unknown,taken,UNKNOWN,0,https://www.google.com/search?q=thicket+developer+platform+cli
tidepool,Anemone,TAKEN-LIVE,"v2.1.0, upd 2026-01-19",taken,taken,unknown,unknown,taken,UNKNOWN,0,https://www.google.com/search?q=tidepool+developer+platform+cli
timbre,Tone,TAKEN-LIVE,"v14.11.25, upd 2022-06-27",taken,taken,unknown,unknown,taken,UNKNOWN,0,https://www.google.com/search?q=timbre+developer+platform+cli
tincture,Drop,TAKEN-LIVE,"v1.0.0, upd 2022-06-27",taken,taken,unknown,unknown,taken,UNKNOWN,0,https://www.google.com/search?q=tincture+developer+platform+cli
tinder,Spark,TAKEN-LIVE,"v1.19.0, upd 2022-06-27",taken,taken,unknown,unknown,taken,UNKNOWN,0,https://www.google.com/search?q=tinder+developer+platform+cli
trellis,Sprig,TAKEN-LIVE,"v3.2.3, upd 2026-06-12",taken,taken,unknown,unknown,taken,UNKNOWN,0,https://www.google.com/search?q=trellis+developer+platform+cli
tun,Must,TAKEN-LIVE,"v1.0.0, upd 2022-06-27",taken,taken,unknown,unknown,taken,UNKNOWN,0,https://www.google.com/search?q=tun+developer+platform+cli
twine,Strand,TAKEN-LIVE,"v2.0.0, upd 2022-06-28",taken,taken,unknown,unknown,taken,UNKNOWN,0,https://www.google.com/search?q=twine+developer+platform+cli
vapor,Dew,TAKEN-LIVE,"v1.3.0, upd 2022-06-28",taken,taken,unknown,unknown,taken,UNKNOWN,0,https://www.google.com/search?q=vapor+developer+platform+cli
vega,Spark,TAKEN-LIVE,"v6.2.0, upd 2026-05-13",taken,taken,unknown,unknown,taken,UNKNOWN,0,https://www.google.com/search?q=vega+developer+platform+cli
vela,Spark,TAKEN-LIVE,"v0.1.0, upd 2026-05-05",taken,taken,unknown,unknown,taken,UNKNOWN,0,https://www.google.com/search?q=vela+developer+platform+cli
wafer,Die,TAKEN-LIVE,"v9.0.3, upd 2022-06-28",taken,taken,unknown,unknown,taken,UNKNOWN,0,https://www.google.com/search?q=wafer+developer+platform+cli
warp,Weft,TAKEN-LIVE,"v5.4.1, upd 2024-02-08",taken,taken,unknown,unknown,taken,UNKNOWN,0,https://www.google.com/search?q=warp+developer+platform+cli
weave,Thread,TAKEN-LIVE,"v0.15.1, upd 2026-06-01",taken,taken,unknown,unknown,taken,UNKNOWN,0,https://www.google.com/search?q=weave+developer+platform+cli
wellspring,Drop,TAKEN-LIVE,"v1.3.1, upd 2022-06-29",taken,taken,unknown,unknown,taken,UNKNOWN,0,https://www.google.com/search?q=wellspring+developer+platform+cli
zylo,Mote,TAKEN-LIVE,"v0.0.0-alpha, upd 2024-12-06",taken,taken,unknown,unknown,taken,UNKNOWN,0,https://www.google.com/search?q=zylo+developer+platform+cli
